ocel:oid,ocel:type
create,ocel:oid
pull,ocel:oid
request,ocel:oid
review,ocel:oid
change,ocel:oid
fix,ocel:oid
resolution,ocel:oid
onders86,ocel:oid
summary,ocel:oid
configure,ocel:oid
priority,ocel:oid
work,ocel:oid
component,ocel:oid
version,ocel:oid
websocket,ocel:oid
merge,ocel:oid
producer,ocel:oid
camel,ocel:oid
camel11103,ocel:oid
location,ocel:oid
issue,ocel:oid
documentsas,ocel:oid
port,ocel:oid
discover,ocel:oid
sense,ocel:oid
see,ocel:oid
code,ocel:oid
documentation,ocel:oid
statement,ocel:oid
osgi,ocel:oid
task,ocel:oid
event,ocel:oid
orgapachecamelfailedtostartrouteexception,ocel:oid
endpointeventadminmycustomevents,ocel:oid
endpoint,ocel:oid
user,ocel:oid
syntax,ocel:oid
spring,ocel:oid
camel11060,ocel:oid
none,ocel:oid
way,ocel:oid
base,ocel:oid
dn,ocel:oid
place,ocel:oid
camel11107,ocel:oid
type,ocel:oid
dmvolod,ocel:oid
async,ocel:oid
annotation,ocel:oid
route,ocel:oid
field,ocel:oid
method,ocel:oid
take,ocel:oid
need,ocel:oid
resource,ocel:oid
destinationgenerator,ocel:oid
traction,ocel:oid
case,ocel:oid
host,ocel:oid
lburgazzoli,ocel:oid
infinispan,ocel:oid
schneider,ocel:oid
queue,ocel:oid
orgapachecamelfailedtocreaterouteexception,ocel:oid
claus,ocel:oid
rest,ocel:oid
value,ocel:oid
undertowproducer,ocel:oid
camelundertow,ocel:oid
use,ocel:oid
expectation,ocel:oid
undertowhttpoperationfailureexception,ocel:oid
try,ocel:oid
body,ocel:oid
camel10748,ocel:oid
camel10815,ocel:oid
camel11112,ocel:oid
number,ocel:oid
progress,ocel:oid
ferraro,ocel:oid
implementation,ocel:oid
module,ocel:oid
default,ocel:oid
sslcontextparameters,ocel:oid
comment,ocel:oid
care,ocel:oid
class,ocel:oid
flag,ocel:oid
camel10452,ocel:oid
support,ocel:oid
bindingmode,ocel:oid
intype,ocel:oid
queryparameters,ocel:oid
liop,ocel:oid
subjectorbody,ocel:oid
igarashitm,ocel:oid
deprecation,ocel:oid
ticket,ocel:oid
burgazzoli,ocel:oid
pingcheck,ocel:oid
logger,ocel:oid
input,ocel:oid
author,ocel:oid
file,ocel:oid
bindycsvdataformatunquotetokens,ocel:oid
warning,ocel:oid
option,ocel:oid
model,ocel:oid
release,ocel:oid
oops,ocel:oid
tadayosi,ocel:oid
upgrade,ocel:oid
karaf,ocel:oid
htmlunitversion,ocel:oid
resolve,ocel:oid
improvement,ocel:oid
test,ocel:oid
zookeepermaster,ocel:oid
router,ocel:oid
pm,ocel:oid
help,ocel:oid
strategy,ocel:oid
key,ocel:oid
convention,ocel:oid
message,ocel:oid
camelreactivestreams,ocel:oid
refill,ocel:oid
start,ocel:oid
time,ocel:oid
example,ocel:oid
patch,ocel:oid
connector,ocel:oid
parameter,ocel:oid
detect,ocel:oid
shell,ocel:oid
run,ocel:oid
exit,ocel:oid
master,ocel:oid
davsclaus,ocel:oid
runtestssh,ocel:oid
cameljuel,ocel:oid
server,ocel:oid
app,ocel:oid
step,ocel:oid
processor,ocel:oid
service,ocel:oid
feature,ocel:oid
dmitry,ocel:oid
formatting,ocel:oid
wrapping,ocel:oid
camel11136,ocel:oid
bit,ocel:oid
enums,ocel:oid
enum,ocel:oid
update,ocel:oid
branch,ocel:oid
drop,ocel:oid
working,ocel:oid
processing,ocel:oid
ttnulltt,ocel:oid
response,ocel:oid
ducer,ocel:oid
subscription,ocel:oid
wonder,ocel:oid
skip,ocel:oid
scr,ocel:oid
thing,ocel:oid
ribbon,ocel:oid
chance,ocel:oid
testkaraf,ocel:oid
wiki,ocel:oid
look,ocel:oid
instance,ocel:oid
build,ocel:oid
unit,ocel:oid
today,ocel:oid
setter,ocel:oid
specification,ocel:oid
affect,ocel:oid
voting,ocel:oid
order,ocel:oid
page,ocel:oid
camelsjms2,ocel:oid
api,ocel:oid
background,ocel:oid
header,ocel:oid
tomo,ocel:oid
goal,ocel:oid
logic,ocel:oid
nope,ocel:oid
camelsolr,ocel:oid
target,ocel:oid
valentin,ocel:oid
tsvetkov,ocel:oid
transfer,ocel:oid
nettyclienttcpworker,ocel:oid
camel11151,ocel:oid
description,ocel:oid
content,ocel:oid
camelssh,ocel:oid
exchange,ocel:oid
camelprotobuf,ocel:oid
camelitestkaraf,ocel:oid
dependency,ocel:oid
error,ocel:oid
put,ocel:oid
call,ocel:oid
timestamp,ocel:oid
oneoneoneone,ocel:oid
line,ocel:oid
initialdelay,ocel:oid
thanks,ocel:oid
camelpackagemavenplugin,ocel:oid
escape,ocel:oid
swaggerjava,ocel:oid
spi,ocel:oid
componenthostportpathoptions,ocel:oid
verify,ocel:oid
camelzookeepermaster,ocel:oid
function,ocel:oid
output,ocel:oid
think,ocel:oid
integration,ocel:oid
customizedpomxml,ocel:oid
docker,ocel:oid
mime,ocel:oid
pathtest,ocel:oid
camelgrpcgateway,ocel:oid
requirement,ocel:oid
coap,ocel:oid
behaviour,ocel:oid
createserver,ocel:oid
dostart,ocel:oid
welcome,ocel:oid
217x,ocel:oid
machine,ocel:oid
shutdowntask,ocel:oid
resume,ocel:oid
idea,ocel:oid
cors,ocel:oid
consumer,ocel:oid
name,ocel:oid
guess,ocel:oid
replaces,ocel:oid
partnamespace,ocel:oid
chirag,ocel:oid
solrproducerjava,ocel:oid
chirag0103,ocel:oid
testscamelitestspringboot,ocel:oid
good,ocel:oid
gab,ocel:oid
springboot,ocel:oid
blog,ocel:oid
placeholder,ocel:oid
configuration,ocel:oid
btw,ocel:oid
camel11190,ocel:oid
provide,ocel:oid
remove,ocel:oid
turn,ocel:oid
rule,ocel:oid
check,ocel:oid
commits,ocel:oid
jdbcaggregationrepository,ocel:oid
clauss,ocel:oid
problem,ocel:oid
enrich,ocel:oid
camel9296,ocel:oid
post,ocel:oid
connection,ocel:oid
rebuilt,ocel:oid
jameset,ocel:oid
thread,ocel:oid
trace,ocel:oid
property,ocel:oid
h,ocel:oid
httpvertxiodocsvertxreactivestreamsjava,ocel:oid
stream,ocel:oid
exception,ocel:oid
camelcatalog,ocel:oid
tag,ocel:oid
strategyrefappendpdfaggregationstrategy,ocel:oid
rate,ocel:oid
nferraro,ocel:oid
cassandra,ocel:oid
http,ocel:oid
completelisteneroncomplete,ocel:oid
orgapachecamelspringgenericbeansexception,ocel:oid
fluentproducertemplate,ocel:oid
template,ocel:oid
destinationprocessor,ocel:oid
part,ocel:oid
endpointcreatekafkaexchangerecord,ocel:oid
validation,ocel:oid
password,ocel:oid
